{
    "gamesPredicted": 81155,
    "pointsOff": 240919.5102984496,
    "pointsOffNoBlowouts": 221068.94616445716,
    "winnerPredicted": 58989,
    "1ptGames": 38336,
    "1ptGamesPredicted": 25487,
    "2ptGames": 17488,
    "2ptGamesPredicted": 13254,
    "3ptGames": 11270,
    "3ptGamesPredicted": 9662,
    "4ptGames": 6606,
    "4ptGamesPredicted": 6031,
    "5ptGames": 3749,
    "5ptGamesPredicted": 3538,
    "blowoutGames": 3706,
    "blowoutGamesPredicted": 3573
}