{
    "gamesPredicted": 75472,
    "pointsOff": 223174.03143086896,
    "pointsOffNoBlowouts": 205296.2173018665,
    "winnerPredicted": 54762,
    "1ptGames": 35660,
    "1ptGamesPredicted": 23684,
    "2ptGames": 16314,
    "2ptGamesPredicted": 12349,
    "3ptGames": 10522,
    "3ptGamesPredicted": 9004,
    "4ptGames": 6155,
    "4ptGamesPredicted": 5624,
    "5ptGames": 3454,
    "5ptGamesPredicted": 3253,
    "blowoutGames": 3367,
    "blowoutGamesPredicted": 3252
}