{
    "gamesPredicted": 28632,
    "pointsOff": 88273.18234692285,
    "pointsOffNoBlowouts": 79789.656983955,
    "winnerPredicted": 20257,
    "1ptGames": 13287,
    "1ptGamesPredicted": 8463,
    "2ptGames": 5972,
    "2ptGamesPredicted": 4374,
    "3ptGames": 3912,
    "3ptGamesPredicted": 3228,
    "4ptGames": 2381,
    "4ptGamesPredicted": 2115,
    "5ptGames": 1421,
    "5ptGamesPredicted": 1305,
    "blowoutGames": 1659,
    "blowoutGamesPredicted": 1578
}